DTASelect v1.9											
/auto/gtl/ms/Abisko_Soils/Field_Sampling_Aug_2010/SurfDeep/Erio_Deep_Aug2010_27Jun_TR1/Frac1/analysis/tryp_edeep_20120820_Mstor4.3.2/sequest											
/auto/gtl/db/Abisko_Soils/edeep_20120820_Mstor4.3.2_cntm_psm											
SEQUEST v.27 in SQT format.											
 --DB -p 2 -r 1000											
true	Use criteria										
1.8	Minimum +1 XCorr										
2.5	Minimum +2 XCorr										
3.5	Minimum +3 XCorr										
0.08	Minimum DeltCN										
1	Minimum charge state										
3	Maximum charge state										
0	Minimum ion proportion										
1000	Maximum Sp rank										
-1	Minimum Sp score										
Include	Modified peptide inclusion										
Any	Tryptic status requirement										
true	Multiple, ambiguous IDs allowed										
Ignore	Peptide validation handling										
XCorr	Purge duplicate peptides by protein										
false	Include only loci with unique peptide										
false	Remove subset proteins										
Ignore	Locus validation handling										
0	Minimum modified peptides per locus										
1000	Minimum redundancy for low coverage loci										
2	Minimum peptides per locus										
											
Locus	Sequence Count	Spectrum Count	Sequence Coverage	Length	MolWt	pI	Validation Status	Descriptive Name			
Unique	FileName	XCorr	DeltCN	M+H+	CalcM+H+	TotalIntensity	SpRank	SpScore	IonProportion	Redundancy	Sequence
Mstor_v4.3.2:1344	15	188	58.6%	249	27617	8.7	U	Methanoflorens_stordalmirensis_v4.3.2_01361 Methyl-coenzyme M reductase I subunit gamma 			
	20120806_Erio_Deep_Aug2010_27Jun_TR1_01.15707.15707.2	3.5762	0.446	1510.7458	1511.6317	5362.4	1	1603.6	80.8	3	R.DVSDDDVVAILGHR.T
	20120806_Erio_Deep_Aug2010_27Jun_TR1_04.25883.25883.2	3.5106	0.4492	2228.0544	2229.6162	7158.3	1	1635	70.6	7	R.YIQFTDSMYFAPMVPYVR.S
*	20120806_Erio_Deep_Aug2010_27Jun_TR1_05.05321.05321.1	1.8605	0.2699	822.3913	822.9573	3293.9	1	262	75	2	R.SWMAATR.F
	20120806_Erio_Deep_Aug2010_27Jun_TR1_11.08549.08549.2	2.9469	0.2237	1261.665	1262.4111	2571.6	46	401.4	72.7	11	R.FRGVDPGTLSGR.Q
	20120806_Erio_Deep_Aug2010_27Jun_TR1_11.08730.08730.1	2.0886	0.0945	1261.67	1262.4111	3742.9	146	186.7	50	1	R.FRGVDPGTLSGR.Q
*	20120806_Erio_Deep_Aug2010_27Jun_TR1_01.15208.15208.2	4.339	0.4065	1384.6218	1385.5929	6844.7	1	2135.8	90.9	35	K.MLLESEAFDCAR.S
	20120806_Erio_Deep_Aug2010_27Jun_TR1_01.19243.19243.2	4.2447	0.3674	1598.7095	1599.8782	7245.7	1	2066.9	87.5	33	R.LDQNGMMFDMLQR.S
	20120806_Erio_Deep_Aug2010_27Jun_TR1_01.07956.07956.2	2.6958	0.2148	1332.6833	1333.5426	3808.3	16	374.6	58.3	1	R.SVMNPDGSVSIVK.D
	20120806_Erio_Deep_Aug2010_27Jun_TR1_06.14773.14773.2	3.112	0.3203	2342.1726	2342.6726	5764	1	382.6	42.9	1	R.SVMNPDGSVSIVKDQVGRPLDK.A
	20120806_Erio_Deep_Aug2010_27Jun_TR1_05.05981.05981.2	2.9718	0.2878	1427.757	1428.6868	3080.4	18	181.1	50	9	K.AVPVGKPMSDADLK.S
	20120806_Erio_Deep_Aug2010_27Jun_TR1_10.08906.08906.2	3.2632	0.4873	1670.892	1671.9525	4077.5	1	424.4	60	29	K.AVPVGKPMSDADLKSR.T
	20120806_Erio_Deep_Aug2010_27Jun_TR1_04.05034.05034.2	2.8362	0.2929	1351.6948	1352.4899	5816.8	2	726.7	68.2	2	R.TTIYRVDGEAAR.A
	20120806_Erio_Deep_Aug2010_27Jun_TR1_03.09554.09554.2	2.9228	0.3238	1348.7126	1350.5577	7089.2	1	1274.9	80	4	R.ADKELITYIQR.I
	20120806_Erio_Deep_Aug2010_27Jun_TR1_09.15826.15826.1	2.845	0.4043	1068.4993	1069.3247	6481.2	1	666.4	68.8	21	R.TMWGFKPMA.-
	20120806_Erio_Deep_Aug2010_27Jun_TR1_09.15823.15823.2	3.0173	0.4838	1068.5002	1069.3247	3787.7	1	611.6	81.2	29	R.TMWGFKPMA.-
eDeep20120820:eD1_8237_2	16	220	57.4%	249	27683	8.9	U	methyl-coenzyme M reductase gamma subunit # pI:8.94 MW:27683 			
	20120806_Erio_Deep_Aug2010_27Jun_TR1_01.15707.15707.2	3.5762	0.446	1510.7458	1511.6317	5362.4	1	1603.6	80.8	3	R.DVSDDDVVAILGHR.T
	20120806_Erio_Deep_Aug2010_27Jun_TR1_04.25883.25883.2	3.5106	0.4492	2228.0544	2229.6162	7158.3	1	1635	70.6	7	R.YIQFTDSMYFAPMVPYVR.S
	20120806_Erio_Deep_Aug2010_27Jun_TR1_11.08549.08549.2	2.9469	0.2237	1261.665	1262.4111	2571.6	46	401.4	72.7	11	R.FRGVDPGTLSGR.Q
	20120806_Erio_Deep_Aug2010_27Jun_TR1_11.08730.08730.1	2.0886	0.0945	1261.67	1262.4111	3742.9	146	186.7	50	1	R.FRGVDPGTLSGR.Q
*	20120806_Erio_Deep_Aug2010_27Jun_TR1_01.14095.14095.2	4.8369	0.5277	1378.6663	1379.5707	9283.7	1	2692.6	90.9	56	K.MLLESEAFDPAR.S
*	20120806_Erio_Deep_Aug2010_27Jun_TR1_01.13949.13949.1	2.4766	0.354	1380.67	1379.5707	4485.8	1	506.7	68.2	4	K.MLLESEAFDPAR.S
*	20120806_Erio_Deep_Aug2010_27Jun_TR1_04.14749.14749.2	3.3302	0.2608	1777.8914	1779.0209	3944.1	8	231.6	46.7	9	K.MLLESEAFDPARSGVR.G
	20120806_Erio_Deep_Aug2010_27Jun_TR1_01.19243.19243.2	4.2447	0.3674	1598.7095	1599.8782	7245.7	1	2066.9	87.5	33	R.LDQNGMMFDMLQR.S
	20120806_Erio_Deep_Aug2010_27Jun_TR1_01.07956.07956.2	2.6958	0.2148	1332.6833	1333.5426	3808.3	16	374.6	58.3	1	R.SVMNPDGSVSIVK.D
	20120806_Erio_Deep_Aug2010_27Jun_TR1_06.14773.14773.2	3.112	0.3203	2342.1726	2342.6726	5764	1	382.6	42.9	1	R.SVMNPDGSVSIVKDQVGRPLDK.A
	20120806_Erio_Deep_Aug2010_27Jun_TR1_05.05981.05981.2	2.9718	0.2878	1427.757	1428.6868	3080.4	18	181.1	50	9	K.AVPVGKPMSDADLK.S
	20120806_Erio_Deep_Aug2010_27Jun_TR1_10.08906.08906.2	3.2632	0.4873	1670.892	1671.9525	4077.5	1	424.4	60	29	K.AVPVGKPMSDADLKSR.T
	20120806_Erio_Deep_Aug2010_27Jun_TR1_04.05034.05034.2	2.8362	0.2929	1351.6948	1352.4899	5816.8	2	726.7	68.2	2	R.TTIYRVDGEAAR.A
	20120806_Erio_Deep_Aug2010_27Jun_TR1_03.09554.09554.2	2.9228	0.3238	1348.7126	1350.5577	7089.2	1	1274.9	80	4	R.ADKELITYIQR.I
	20120806_Erio_Deep_Aug2010_27Jun_TR1_09.15826.15826.1	2.845	0.4043	1068.4993	1069.3247	6481.2	1	666.4	68.8	21	R.TMWGFKPMA.-
	20120806_Erio_Deep_Aug2010_27Jun_TR1_09.15823.15823.2	3.0173	0.4838	1068.5002	1069.3247	3787.7	1	611.6	81.2	29	R.TMWGFKPMA.-
eDeep20120820:eD1_1639_1	6	47	54.6%	97	10181	9.2	U	chaperonin GroEL # pI:9.22 MW:10181 			
*	20120806_Erio_Deep_Aug2010_27Jun_TR1_07.14607.14607.2	3.3369	0.4724	1576.8171	1577.8976	6120.3	1	1543.2	82.1	3	K.MANLGAQMVKEVASK.T
*	20120806_Erio_Deep_Aug2010_27Jun_TR1_01.24627.24627.3	3.69	0.2962	2983.4954	2982.231	9369.6	1	1286.9	28.4	1	K.EVASKTSDVAGDGTTTATVLAQAIFNEGAR.L
*	20120806_Erio_Deep_Aug2010_27Jun_TR1_01.25402.25402.3	6.2951	0.4542	2466.2097	2467.6519	9066.5	1	4083.4	49	12	K.TSDVAGDGTTTATVLAQAIFNEGAR.L
*	20120806_Erio_Deep_Aug2010_27Jun_TR1_01.25380.25380.2	5.5921	0.5669	2466.2104	2467.6519	7538.4	1	2687	64.6	4	K.TSDVAGDGTTTATVLAQAIFNEGAR.L
*	20120806_Erio_Deep_Aug2010_27Jun_TR1_02.08539.08539.2	3.2291	0.3305	1215.6385	1216.4381	4640.6	1	1013.9	77.3	4	R.LVAAGSNPMDIK.R
*	20120806_Erio_Deep_Aug2010_27Jun_TR1_07.07029.07029.2	3.8934	0.3124	1371.7393	1372.6256	5850.5	1	1132.1	83.3	23	R.LVAAGSNPMDIKR.G
eDeep20120820:eD1_13975_5	5	10	46.5%	114	12040	7.3	U	chaperonin GroEL # pI:6.58 MW:12040 			
2	20120806_Erio_Deep_Aug2010_27Jun_TR1_01.03309.03309.1	2.2351	0.0941	701.4238	701.8412	3692.5	1	411.8	80	1	R.NVVIEK.S
*	20120806_Erio_Deep_Aug2010_27Jun_TR1_06.10382.10382.2	3.3094	0.1685	1646.875	1647.8687	5179.8	1	1198.5	73.3	5	K.SWGSPTITKDGVTVAK.E
*	20120806_Erio_Deep_Aug2010_27Jun_TR1_06.08631.08631.2	2.5536	0.1194	1166.6727	1164.3678	4460.4	6	699	77.8	1	K.FQNLGAQMVR.E
*	20120806_Erio_Deep_Aug2010_27Jun_TR1_01.25422.25422.2	3.6846	0.5519	2094.0518	2096.3018	5841.8	1	1462.4	70	2	K.TSDVAGDGTTTATVLAQAIFR.E
*	20120806_Erio_Deep_Aug2010_27Jun_TR1_01.25396.25396.3	3.7222	0.4465	2095.061	2096.3018	6365.6	1	1294.9	40	1	K.TSDVAGDGTTTATVLAQAIFR.E
eDeep20120820:eD1_3396_1	5	39	45.0%	60	6451	9.7	U	TGroEL # pI:9.70 MW:6451 			
*	20120806_Erio_Deep_Aug2010_27Jun_TR1_09.15191.15191.2	3.9035	0.3526	1595.925	1596.9138	3878.5	1	714	75	8	R.QAILRGVNKLADAVK.V
*	20120806_Erio_Deep_Aug2010_27Jun_TR1_01.06178.06178.2	2.7941	0.1306	1014.557	1015.1979	4939.8	34	589.9	72.2	1	R.GVNKLADAVK.V
*	20120806_Erio_Deep_Aug2010_27Jun_TR1_01.06181.06181.1	1.822	0.2189	1014.56	1015.1979	5053.4	16	231.5	50	1	R.GVNKLADAVK.V
*	20120806_Erio_Deep_Aug2010_27Jun_TR1_08.17534.17534.2	4.7474	0.1538	1609.929	1610.9377	5966.2	1	1537.9	76.7	28	R.GVNKLADAVKVTLGPK.G
2	20120806_Erio_Deep_Aug2010_27Jun_TR1_01.03309.03309.1	2.2351	0.0941	701.4238	701.8412	3692.5	1	411.8	80	1	R.NVVLEK.K
eDeep20120820:eD1_1494_8	6	11	15.7%	509	54101	5	U	chaperonin GroEL # pI:4.93 MW:54101 			
*	20120806_Erio_Deep_Aug2010_27Jun_TR1_01.16001.16001.2	2.8934	0.2246	1529.7815	1530.7393	4669.8	1	694.8	69.2	2	R.ALENGMNQLVDAVR.V
2	20120806_Erio_Deep_Aug2010_27Jun_TR1_01.03309.03309.1	2.2351	0.0941	701.4238	701.8412	3692.5	1	411.8	80	1	R.NVVLEK.K
*	20120806_Erio_Deep_Aug2010_27Jun_TR1_11.06538.06538.2	3.0105	0.2342	1329.7216	1329.5602	6743.4	1	1215.2	83.3	2	R.NVAAGANPMSLKR.G
*2	20120806_Erio_Deep_Aug2010_27Jun_TR1_02.06882.06882.2	2.7628	0.2128	843.5307	844.0421	3147.4	4	438.8	75	2	K.LSGGVAVIK.V
	20120806_Erio_Deep_Aug2010_27Jun_TR1_02.17582.17582.2	5.0532	0.1294	1607.9104	1608.8784	3425.9	1	1120.6	81.2	3	K.AAIEEGVVPGGGVALLR.A
*	20120806_Erio_Deep_Aug2010_27Jun_TR1_01.13997.13997.2	4.9125	0.4921	2202.0728	2202.3396	9216.2	1	2282.2	67.5	1	R.AQQAILDAAEKLDDDEATGAR.I
	Proteins	Peptide IDs	Copies								
Unfiltered	93036	400116	424912								
Redundant	390	1292	6998								
Nonredundant	371	1094	5575								
											
Classification	Nonredundant Proteins	Redundant Proteins									
Unclassified	0	0									
